{"train/loss": 0.3937, "train/grad_norm": 4.387619972229004, "train/learning_rate": 0.0, "train/epoch": 20.0, "train/global_step": 3000, "_timestamp": 1720686974.0231912, "_runtime": 678.499528169632, "_step": 300, "train_runtime": 689.3299, "train_samples_per_second": 17.35, "train_steps_per_second": 4.352, "total_flos": 2070484974305280.0, "train_loss": 14.44853931013743, "_wandb": {"runtime": 675}}